absolute_index,sample_path,true_index,true_label,simple_pred_index,simple_pred_label,simple_correct,simple_top1_prob,simple_top2_prob,simple_margin_top1_top2,simple_top2_label,ensemble_pred_index,ensemble_pred_label,ensemble_correct,ensemble_top1_prob,ensemble_top2_prob,ensemble_margin_top1_top2,ensemble_top2_label,case_type,confidence_delta,margin_delta,confidence_delta_abs
5383,data/eurosat/2750/Forest/Forest_443.jpg,1,forest,1,forest,1,0.306884765625,0.29296875,0.013916015625,permanent crop land,1,forest,1,0.8212890625,0.061370849609375,0.759918212890625,pasture land,both_correct_confidence_shift,0.514404296875,0.746002197265625,0.514404296875
5883,data/eurosat/2750/Forest/Forest_894.jpg,1,forest,1,forest,1,0.30322265625,0.2052001953125,0.0980224609375,permanent crop land,1,forest,1,0.78515625,0.039093017578125,0.746063232421875,highway or road,both_correct_confidence_shift,0.48193359375,0.648040771484375,0.48193359375
3895,data/eurosat/2750/Forest/Forest_1804.jpg,1,forest,1,forest,1,0.3369140625,0.2108154296875,0.1260986328125,permanent crop land,1,forest,1,0.8125,0.037994384765625,0.774505615234375,pasture land,both_correct_confidence_shift,0.4755859375,0.648406982421875,0.4755859375
4811,data/eurosat/2750/Forest/Forest_2629.jpg,1,forest,1,forest,1,0.30419921875,0.2191162109375,0.0850830078125,annual crop land,1,forest,1,0.77294921875,0.0697021484375,0.7032470703125,highway or road,both_correct_confidence_shift,0.46875,0.6181640625,0.46875
5573,data/eurosat/2750/Forest/Forest_614.jpg,1,forest,1,forest,1,0.30126953125,0.1798095703125,0.1214599609375,permanent crop land,1,forest,1,0.7646484375,0.057159423828125,0.707489013671875,highway or road,both_correct_confidence_shift,0.46337890625,0.586029052734375,0.46337890625
5041,data/eurosat/2750/Forest/Forest_2836.jpg,1,forest,1,forest,1,0.3515625,0.17138671875,0.18017578125,permanent crop land,1,forest,1,0.80322265625,0.05133056640625,0.75189208984375,highway or road,both_correct_confidence_shift,0.45166015625,0.57171630859375,0.45166015625
