absolute_index,sample_path,true_index,true_label,simple_pred_index,simple_pred_label,simple_correct,simple_top1_prob,simple_top2_prob,simple_margin_top1_top2,simple_top2_label,ensemble_pred_index,ensemble_pred_label,ensemble_correct,ensemble_top1_prob,ensemble_top2_prob,ensemble_margin_top1_top2,ensemble_top2_label,case_type,confidence_delta,margin_delta,combined_conf
21965,data/eurosat/2750/River/River_1417.jpg,8,river,3,highway or road,0,0.98583984375,0.00559234619140625,0.9802474975585938,permanent crop land,3,highway or road,0,0.9931640625,0.00336456298828125,0.9897994995117188,forest,both_wrong,0.00732421875,0.009552001953125,1.97900390625
23078,data/eurosat/2750/River/River_2419.jpg,8,river,3,highway or road,0,0.8837890625,0.0419921875,0.841796875,annual crop land,3,highway or road,0,0.8935546875,0.03155517578125,0.86199951171875,forest,both_wrong,0.009765625,0.02020263671875,1.77734375
22363,data/eurosat/2750/River/River_1776.jpg,8,river,3,highway or road,0,0.86572265625,0.113525390625,0.752197265625,river,3,highway or road,0,0.90185546875,0.06744384765625,0.83441162109375,river,both_wrong,0.0361328125,0.08221435546875,1.767578125
13696,data/eurosat/2750/Industrial/Industrial_725.jpg,4,industrial area,7,residential area,0,0.8828125,0.04327392578125,0.83953857421875,industrial area,7,residential area,0,0.8837890625,0.08221435546875,0.80157470703125,industrial area,both_wrong,0.0009765625,-0.0379638671875,1.7666015625
13437,data/eurosat/2750/Industrial/Industrial_492.jpg,4,industrial area,7,residential area,0,0.9111328125,0.06011962890625,0.85101318359375,industrial area,7,residential area,0,0.84033203125,0.1248779296875,0.7154541015625,industrial area,both_wrong,-0.07080078125,-0.13555908203125,1.75146484375
22349,data/eurosat/2750/River/River_1763.jpg,8,river,3,highway or road,0,0.87841796875,0.04443359375,0.833984375,permanent crop land,3,highway or road,0,0.87255859375,0.05755615234375,0.81500244140625,forest,both_wrong,-0.005859375,-0.01898193359375,1.7509765625
