absolute_index,sample_path,true_index,true_label,simple_pred_index,simple_pred_label,simple_correct,simple_top1_prob,simple_top2_prob,simple_margin_top1_top2,simple_top2_label,ensemble_pred_index,ensemble_pred_label,ensemble_correct,ensemble_top1_prob,ensemble_top2_prob,ensemble_margin_top1_top2,ensemble_top2_label,case_type,confidence_delta,margin_delta,combined_conf
21965,data/eurosat/2750/River/River_1417.jpg,8,river,3,highway or road,0,0.98583984375,0.00559234619140625,0.9802474975585938,permanent crop land,3,highway or road,0,0.9912109375,0.00374603271484375,0.9874649047851562,forest,both_wrong,0.00537109375,0.0072174072265625,1.97705078125
13696,data/eurosat/2750/Industrial/Industrial_725.jpg,4,industrial area,7,residential area,0,0.8828125,0.04327392578125,0.83953857421875,industrial area,7,residential area,0,0.91748046875,0.05511474609375,0.86236572265625,industrial area,both_wrong,0.03466796875,0.0228271484375,1.80029296875
13437,data/eurosat/2750/Industrial/Industrial_492.jpg,4,industrial area,7,residential area,0,0.9111328125,0.06011962890625,0.85101318359375,industrial area,7,residential area,0,0.8828125,0.0860595703125,0.7967529296875,industrial area,both_wrong,-0.0283203125,-0.05426025390625,1.7939453125
13392,data/eurosat/2750/Industrial/Industrial_451.jpg,4,industrial area,7,residential area,0,0.90087890625,0.0662841796875,0.8345947265625,industrial area,7,residential area,0,0.8798828125,0.09869384765625,0.78118896484375,industrial area,both_wrong,-0.02099609375,-0.05340576171875,1.78076171875
23078,data/eurosat/2750/River/River_2419.jpg,8,river,3,highway or road,0,0.8837890625,0.0419921875,0.841796875,annual crop land,3,highway or road,0,0.880859375,0.03363037109375,0.84722900390625,forest,both_wrong,-0.0029296875,0.00543212890625,1.7646484375
13792,data/eurosat/2750/Industrial/Industrial_811.jpg,4,industrial area,7,residential area,0,0.83447265625,0.0684814453125,0.7659912109375,permanent crop land,7,residential area,0,0.90673828125,0.0230560302734375,0.8836822509765625,industrial area,both_wrong,0.072265625,0.1176910400390625,1.7412109375
