absolute_index,sample_path,true_index,true_label,simple_pred_index,simple_pred_label,simple_correct,simple_top1_prob,simple_top2_prob,simple_margin_top1_top2,simple_top2_label,ensemble_pred_index,ensemble_pred_label,ensemble_correct,ensemble_top1_prob,ensemble_top2_prob,ensemble_margin_top1_top2,ensemble_top2_label,case_type,confidence_delta,margin_delta,confidence_delta_abs
5383,data/eurosat/2750/Forest/Forest_443.jpg,1,forest,1,forest,1,0.306884765625,0.29296875,0.013916015625,permanent crop land,1,forest,1,0.818359375,0.047637939453125,0.770721435546875,pasture land,both_correct_confidence_shift,0.511474609375,0.756805419921875,0.511474609375
21755,data/eurosat/2750/River/River_1228.jpg,8,river,8,river,1,0.4521484375,0.41162109375,0.04052734375,permanent crop land,8,river,1,0.89306640625,0.031524658203125,0.861541748046875,annual crop land,both_correct_confidence_shift,0.44091796875,0.821014404296875,0.44091796875
5883,data/eurosat/2750/Forest/Forest_894.jpg,1,forest,1,forest,1,0.30322265625,0.2052001953125,0.0980224609375,permanent crop land,1,forest,1,0.73681640625,0.04638671875,0.6904296875,sea or lake,both_correct_confidence_shift,0.43359375,0.5924072265625,0.43359375
4492,data/eurosat/2750/Forest/Forest_2341.jpg,1,forest,1,forest,1,0.25390625,0.24609375,0.0078125,permanent crop land,1,forest,1,0.6845703125,0.06573486328125,0.61883544921875,pasture land,both_correct_confidence_shift,0.4306640625,0.61102294921875,0.4306640625
3895,data/eurosat/2750/Forest/Forest_1804.jpg,1,forest,1,forest,1,0.3369140625,0.2108154296875,0.1260986328125,permanent crop land,1,forest,1,0.75732421875,0.0401611328125,0.7171630859375,river,both_correct_confidence_shift,0.42041015625,0.591064453125,0.42041015625
4811,data/eurosat/2750/Forest/Forest_2629.jpg,1,forest,1,forest,1,0.30419921875,0.2191162109375,0.0850830078125,annual crop land,1,forest,1,0.72412109375,0.0728759765625,0.6512451171875,highway or road,both_correct_confidence_shift,0.419921875,0.566162109375,0.419921875
