epoch,train_loss,train_acc,val_loss,val_acc,lr
1,0.5791671170472149,0.7946661727937772,0.30595047214595006,0.888759367194005,0.0
